sample_id,biological_replicate_id,lane_id,fastq_r1,fastq_r2,condition,batch,subject,library_protocol,library_layout,read_length,kit_catalog,umi_present
CTCF_control_R1,CTCF_control_R1,L002,/dysk3/genomicFiles/NGS_backup/DevEpi/Lexogen_quantseq_may2025/301640_ZGS_X/demultiplex/AGAGGCCGAACA_CGCGGAAGCCAC_L2_R1.fastq.gz,,CTCF_control,run8,CTCF_R1,quantseq_rev_v2_se,SE,101,QuantSeq_REV_V2,false
CTCF_IAA_R1,CTCF_IAA_R1,L002,/dysk3/genomicFiles/NGS_backup/DevEpi/Lexogen_quantseq_may2025/301640_ZGS_X/demultiplex/GACCCGTCTTGA_GCAAAGTATTGC_L2_R1.fastq.gz,,CTCF_IAA,run8,CTCF_R1,quantseq_rev_v2_se,SE,101,QuantSeq_REV_V2,false
CTCF_control_R2,CTCF_control_R2,L002,/dysk3/genomicFiles/NGS_backup/DevEpi/Lexogen_quantseq_may2025/301640_ZGS_X/demultiplex/TGCTAAATTAGT_TGATCCCTTCGT_L2_R1.fastq.gz,,CTCF_control,run8,CTCF_R2,quantseq_rev_v2_se,SE,101,QuantSeq_REV_V2,false
CTCF_IAA_R2,CTCF_IAA_R2,L002,/dysk3/genomicFiles/NGS_backup/DevEpi/Lexogen_quantseq_may2025/301640_ZGS_X/demultiplex/AAATGTAGTGAG_CCCTGTCGTGCG_L2_R1.fastq.gz,,CTCF_IAA,run8,CTCF_R2,quantseq_rev_v2_se,SE,101,QuantSeq_REV_V2,false
CTCF_control_R3,CTCF_control_R3,L002,/dysk3/genomicFiles/NGS_backup/DevEpi/Lexogen_quantseq_may2025/301640_ZGS_X/demultiplex/CCGGGCGTCATG_AAGGGAGTACTG_L2_R1.fastq.gz,,CTCF_control,run8,CTCF_R3,quantseq_rev_v2_se,SE,101,QuantSeq_REV_V2,false
CTCF_IAA_R3,CTCF_IAA_R3,L002,/dysk3/genomicFiles/NGS_backup/DevEpi/Lexogen_quantseq_may2025/301640_ZGS_X/demultiplex/ACAGGACTCTGG_CACGGCATATGG_L2_R1.fastq.gz,,CTCF_IAA,run8,CTCF_R3,quantseq_rev_v2_se,SE,101,QuantSeq_REV_V2,false
RAD21_control_R1,RAD21_control_R1,L002,/dysk3/genomicFiles/NGS_backup/DevEpi/Lexogen_quantseq_may2025/301640_ZGS_X/demultiplex/AAAATCCCAGTT_CCCCTAAACGTT_L2_R1.fastq.gz,,RAD21_control,run8,RAD21_R1,quantseq_rev_v2_se,SE,101,QuantSeq_REV_V2,false
RAD21_IAA_R1,RAD21_IAA_R1,L002,/dysk3/genomicFiles/NGS_backup/DevEpi/Lexogen_quantseq_may2025/301640_ZGS_X/demultiplex/CACCTTCGGTTG_ACAATTAGGTTG_L2_R1.fastq.gz,,RAD21_IAA,run8,RAD21_R1,quantseq_rev_v2_se,SE,101,QuantSeq_REV_V2,false
RAD21_control_R2,RAD21_control_R2,L002,/dysk3/genomicFiles/NGS_backup/DevEpi/Lexogen_quantseq_may2025/301640_ZGS_X/demultiplex/AGCAAAGGATGT_CGACCCGGCTGT_L2_R1.fastq.gz,,RAD21_control,run8,RAD21_R2,quantseq_rev_v2_se,SE,101,QuantSeq_REV_V2,false
RAD21_IAA_R2,RAD21_IAA_R2,L002,/dysk3/genomicFiles/NGS_backup/DevEpi/Lexogen_quantseq_may2025/301640_ZGS_X/demultiplex/AGGCTTAATCGG_CGGATTCCTAGG_L2_R1.fastq.gz,,RAD21_IAA,run8,RAD21_R2,quantseq_rev_v2_se,SE,101,QuantSeq_REV_V2,false
RAD21_control_R3,RAD21_control_R3,L002,/dysk3/genomicFiles/NGS_backup/DevEpi/Lexogen_quantseq_may2025/301640_ZGS_X/demultiplex/GCGCGAAGTTGA_GAGAGCCGTTGC_L2_R1.fastq.gz,,RAD21_control,run8,RAD21_R3,quantseq_rev_v2_se,SE,101,QuantSeq_REV_V2,false
RAD21_IAA_R3,RAD21_IAA_R3,L002,/dysk3/genomicFiles/NGS_backup/DevEpi/Lexogen_quantseq_may2025/301640_ZGS_X/demultiplex/TTAGGACGCAAA_TTCGGCAGACCC_L2_R1.fastq.gz,,RAD21_IAA,run8,RAD21_R3,quantseq_rev_v2_se,SE,101,QuantSeq_REV_V2,false
WAPL_control_R1,WAPL_control_R1,L002,/dysk3/genomicFiles/NGS_backup/DevEpi/Lexogen_quantseq_may2025/301640_ZGS_X/demultiplex/GCATCCATGCAT_GACTAACTGACT_L2_R1.fastq.gz,,WAPL_control,run8,WAPL_R1,quantseq_rev_v2_se,SE,101,QuantSeq_REV_V2,false
WAPL_IAA_R1,WAPL_IAA_R1,L002,/dysk3/genomicFiles/NGS_backup/DevEpi/Lexogen_quantseq_may2025/301640_ZGS_X/demultiplex/ATGGGCTAGACA_CTGGGATCGCAC_L2_R1.fastq.gz,,WAPL_IAA,run8,WAPL_R1,quantseq_rev_v2_se,SE,101,QuantSeq_REV_V2,false
WAPL_control_R2,WAPL_control_R2,L002,/dysk3/genomicFiles/NGS_backup/DevEpi/Lexogen_quantseq_may2025/301640_ZGS_X/demultiplex/TTTGTGGACACG_TTTGTGGCACAG_L2_R1.fastq.gz,,WAPL_control,run8,WAPL_R2,quantseq_rev_v2_se,SE,101,QuantSeq_REV_V2,false
WAPL_IAA_R2,WAPL_IAA_R2,L002,/dysk3/genomicFiles/NGS_backup/DevEpi/Lexogen_quantseq_may2025/301640_ZGS_X/demultiplex/GAATTCGTATAC_GCCTTAGTCTCA_L2_R1.fastq.gz,,WAPL_IAA,run8,WAPL_R2,quantseq_rev_v2_se,SE,101,QuantSeq_REV_V2,false
WAPL_control_R3,WAPL_control_R3,L002,/dysk3/genomicFiles/NGS_backup/DevEpi/Lexogen_quantseq_may2025/301640_ZGS_X/demultiplex/TCGAGTCCCGGA_TAGCGTAAAGGC_L2_R1.fastq.gz,,WAPL_control,run8,WAPL_R3,quantseq_rev_v2_se,SE,101,QuantSeq_REV_V2,false
WAPL_IAA_R3,WAPL_IAA_R3,L002,/dysk3/genomicFiles/NGS_backup/DevEpi/Lexogen_quantseq_may2025/301640_ZGS_X/demultiplex/CCGTTGAAGGGG_AAGTTGCCGGGG_L2_R1.fastq.gz,,WAPL_IAA,run8,WAPL_R3,quantseq_rev_v2_se,SE,101,QuantSeq_REV_V2,false
